{"beam material":[0.30000001192092896,10000000000.0],"cross section dim":[0.10000000149011612,0.10000000149011612],"forced displacements":[[119,[-0.04100759668043396,-0.9735303879071324,0.0]],[111,[-0.14430068446429045,-0.9636494962522701,0.0]],[103,[-0.24301015216090013,-0.9436043159666305,0.0]],[95,[-0.34186519751434885,-0.9124534102586236,0.0]],[87,[-0.43903722730919414,-0.8698789296222615,0.0]],[79,[-0.532584378541816,-0.8159637975408861,0.0]],[71,[-0.6205623819014318,-0.7512292388698262,0.0]],[63,[-0.7011487229968936,-0.6766339537770345,0.0]],[55,[-0.7727630162956722,-0.5935321051213078,0.0]],[47,[-0.8341687090314269,-0.5035926965683273,0.0]],[39,[-0.8850034343123167,-0.4076910109623731,0.0]],[31,[-0.9247718463908328,-0.30698545777773667,0.0]],[23,[-0.9525411761314874,-0.2052031845224617,0.0]],[15,[-0.9687997461017093,-0.10425972912577747,0.0]],[7,[-0.9743936777114865,1.605223503649349e-08,0.0]],[463,[-0.970230818768228,0.08997331535766949,-0.0]],[336,[-0.14430075601139258,-0.9636494855385217,0.0]],[359,[-0.05242491516835321,0.9729823572057757,-0.0]],[232,[-0.9743936777114842,-6.949804262479195e-08,-0.0]],[367,[-0.15451597807917955,0.9620643698227013,-0.0]],[240,[-0.9687997311834405,-0.1042598677488618,-0.0]],[375,[-0.25610409441364246,0.9401349541362054,-0.0]],[248,[-0.9525411747509716,-0.20520319093073514,0.0]],[383,[-0.35760026396537103,0.906402278448159,-0.0]],[256,[-0.9247718761967757,-0.3069853679894404,0.0]],[391,[-0.4566400892897841,0.8607687657074544,-0.0]],[264,[-0.8850034591539905,-0.4076909570368074,0.0]],[104,[0.14430077636874813,0.9636494824901289,-0.0]],[231,[0.9702308169311001,-0.08997333516840932,0.0]],[399,[-0.5493033398241303,0.8048036282362133,-0.0]],[272,[-0.8341686737158374,-0.5035927550663112,0.0]],[407,[-0.6360482245779105,0.7381637319561319,-0.0]],[280,[-0.7727630706449419,-0.5935320343599974,0.0]],[415,[-0.7150880100782296,0.6618853201321773,-0.0]],[288,[-0.7011486935136115,-0.6766339843285084,0.0]],[423,[-0.7848989993475864,0.5773877379952523,-0.0]],[296,[-0.6205622652619709,-0.7512293352213079,0.0]],[431,[-0.844316849362939,0.486386777211261,-0.0]],[304,[-0.5325842917138213,-0.8159638542140235,0.0]],[439,[-0.8925989186193988,0.39078153697890705,-0.0]],[312,[-0.43903727754245214,-0.8698789042689957,0.0]],[447,[-0.9294456777263027,0.2925299494410964,-0.0]],[320,[-0.34186510593175834,-0.9124534445714939,0.0]],[455,[-0.9549812512189564,0.1935299692150886,-0.0]],[328,[-0.24301024266194596,-0.9436042926595337,0.0]],[255,[0.9525411802450526,0.2052031654275317,-0.0]],[128,[-0.15451588380934692,0.9620643849632586,-0.0]],[263,[0.9247718367913231,0.30698548669557524,-0.0]],[136,[-0.256104125750481,0.9401349455996721,-0.0]],[271,[0.8850034419055481,0.4076909944792132,-0.0]],[144,[-0.35760017749395295,0.906402312563472,-0.0]],[279,[0.8341687178720705,0.5035926819243732,-0.0]],[152,[-0.4566399999062241,0.8607688131256619,-0.0]],[287,[0.7727630259482012,0.5935320925539714,-0.0]],[160,[-0.549303426004173,0.8048035694156647,-0.0]],[295,[0.701148732981122,0.6766339434310729,-0.0]],[168,[-0.6360481523360644,0.7381637942042371,-0.0]],[352,[0.05242496605824789,-0.9729823544637942,0.0]],[344,[-0.04100769611256245,-0.973530383718791,0.0]],[159,[0.45664008101777304,-0.8607687700957781,0.0]],[32,[0.8850034262791535,0.4076910284005226,-0.0]],[151,[0.35760023936257745,-0.9064022881546272,0.0]],[24,[0.9247718503301419,0.30698544591084853,-0.0]],[143,[0.25610408934656803,-0.9401349555165375,0.0]],[16,[0.9525411569413148,0.20520327360209983,-0.0]],[175,[0.6360482146970832,-0.7381637404700735,0.0]],[48,[0.7727631377915537,0.5935319469368677,-0.0]],[135,[0.15451597495073766,-0.9620643703251565,0.0]],[8,[0.9687997459705917,0.1042597303441447,-0.0]],[167,[0.5493033305204937,-0.8048036345862325,0.0]],[40,[0.8341686354403283,0.5035928184671993,-0.0]],[127,[0.05242491409487488,-0.9729823572636153,0.0]],[0,[0.9743936777114842,-6.949804262479195e-08,-0.0]],[456,[0.9702308216895451,-0.08997328385552648,-0.0]],[448,[0.9549812552361665,-0.19352994939200688,0.0]],[360,[0.15451586204674306,-0.9620643884585214,0.0]],[368,[0.25610409050200594,-0.9401349552017821,0.0]],[376,[0.3576001300421919,-0.906402331284471,0.0]],[384,[0.45663994236301614,-0.8607688436524745,0.0]],[392,[0.5493033612845826,-0.8048036135887908,0.0]],[400,[0.6360480836013164,-0.738163853430395,0.0]],[408,[0.7150879988958602,-0.6618853322133912,0.0]],[416,[0.784899004758304,-0.5773877306399406,0.0]],[424,[0.8443168345754822,-0.4863868028807466,0.0]],[432,[0.892598915447803,-0.3907815442232687,0.0]],[440,[0.9294456980827107,-0.29252988476335096,0.0]],[183,[0.7150880001174621,-0.6618853308935964,0.0]],[56,[0.7011487629676629,0.6766339123581029,-0.0]],[191,[0.7848989898101447,-0.5773877509604193,0.0]],[64,[0.620562333510222,0.7512292788439923,-0.0]],[199,[0.844316840720471,-0.4863867922136861,0.0]],[72,[0.5325843553337071,0.8159638126889552,-0.0]],[207,[0.8925989304141015,-0.39078151003817807,0.0]],[80,[0.43903733345300544,0.8698788760503335,-0.0]],[215,[0.9294456869200157,-0.29252992023021684,0.0]],[88,[0.341865151598404,0.9124534274617621,-0.0]],[223,[0.9549812574683758,-0.19352993837708043,0.0]],[96,[0.24301022176888573,0.943604298040208,-0.0]],[239,[0.9743936777114865,1.605223503649349e-08,0.0]],[112,[0.04100770195707825,0.9735303834726045,-0.0]],[247,[0.9687997426862646,0.10425976086268633,-0.0]],[120,[-0.05242497352577406,0.9729823540614385,-0.0]],[351,[0.04100759971069079,0.9735303877794902,-0.0]],[224,[-0.9702308137357126,0.0899733696259829,-0.0]],[343,[0.14430068739071983,0.963649495814055,-0.0]],[216,[-0.9549812822929701,0.19352981587908194,-0.0]],[335,[0.24301015698665127,0.9436043147238359,-0.0]],[208,[-0.9294456733095224,0.2925299634743853,-0.0]],[327,[0.34186520407906856,0.9124534077990468,-0.0]],[200,[-0.8925989665128755,0.3907814275835834,-0.0]],[319,[0.43903723534650446,0.869878925565745,-0.0]],[192,[-0.8443167971579734,0.48638686783363955,-0.0]],[311,[0.5325843876873672,0.8159637915715311,-0.0]],[184,[-0.7848990711043269,0.5773876404493616,-0.0]],[303,[0.6205623917123237,0.751229230765415,-0.0]],[176,[-0.7150880681867098,0.661885257352901,-0.0]]],"label":"","mesh filename":"torus.ply","meshLabel":"torus"}